Symbol,GICS Sector,GICS Sub-Industry,Headquarters Location,Date Added,Founded,CEO Name,Gender,Salary,Date Announced as CEO
A,Health Care,Life Sciences Tools & Services,"Santa Clara, California",2000-06-05,1999,Michael McMullen,M,"$16,647,413.00",2015-03-18
AAL,Industrials,Passenger Airlines,"Fort Worth, Texas",2015-03-23,1934,Robert Isom,M,"$4,886,649.00",2022-03-31
AAPL,Information Technology,"Technology Hardware, Storage & Peripherals","Cupertino, California",1982-11-30,1977,Tim Cook,M,"$99,420,097.00",2011-08-24
ABBV,Health Care,Biotechnology,"North Chicago, Illinois",2012-12-31,2012,Richard Gonzalez,M,"$26,287,185.00",2024-02-20
ABNB,Consumer Discretionary,"Hotels, Resorts & Cruise Lines","San Francisco, California",2023-09-18,2008,Brian Chesky,M,"$295,130,000.00",2020-12-10
ABT,Health Care,Health Care Equipment,"North Chicago, Illinois",1957-03-04,1888,Robert Ford,M,"$21,722,152.00",2019-11-13
ACGL,Financials,Property & Casualty Insurance,"Hamilton, Bermuda",2022-11-01,1995,Marc Grandisson,M,"$12,101,639.00",2018-03-03
ACN,Information Technology,IT Consulting & Other Services,"Dublin, Ireland",2011-07-06,1989,Julie Sweet,F,"$33,701,108.00",2019-07-11
ADBE,Information Technology,Application Software,"San Jose, California",1997-05-05,1982,Shantanu Narayen,M,"$31,600,311.00",2017-02-28
ADI,Information Technology,Semiconductors,"Wilmington, Massachusetts",1999-10-12,1965,Vincent Roche,M,"$22,098,295.00",2013-05-01
ADM,Consumer Staples,Agricultural Products & Services,"Chicago, Illinois",1957-03-04,1902,Juan Richardo Luciano,M,"$24,749,178.00",2014-11-06
ADP,Industrials,Human Resource & Employment Services,"Roseland, New Jersey",1981-03-31,1949,Carlos Rodriguez,M,"$20,827,092.00",2022-10-26
ADSK,Information Technology,Application Software,"San Francisco, California",1989-12-01,1982,Andrew Anagnost,M,"$17,600,752.00",2017-06-19
AEE,Utilities,Multi-Utilities,"St. Louis, Missouri",1991-09-19,1902,Martin Lyons,M,"$7,357,331.00",2022-01-01
AEP,Utilities,Electric Utilities,"Columbus, Ohio",1957-03-04,1906,Nicholas Akins,M,"$16,375,508.00",2010-12-20
AES,Utilities,Independent Power Producers & Energy Traders,"Arlington, Virginia",1998-10-02,1981,Andres Gluski,M,"$12,525,258.00",2011-09-06
AFL,Financials,Life & Health Insurance,"Columbus, Georgia",1999-05-28,1955,Daniel Amos,M,"$15,776,291.00",2016-10-25
AIG,Financials,Multi-line Insurance,"New York City, New York",1980-03-31,1919,Peter Zaffino,M,"$75,314,199.00",2021-03-01
AIZ,Financials,Multi-line Insurance,"Atlanta, Georgia",2007-04-10,1892,Keith Demmings,M,"$8,372,281.00",2022-01-01
AJG,Financials,Insurance Brokers,"Rolling Meadows, Illinois",2016-05-31,1927,Pat Gallagher,M,"$14,194,926.00",1995-01-01
AKAM,Information Technology,Internet Services & Infrastructure,"Cambridge, Massachusetts",2007-07-12,1998,Dr. Tom Leighton,M,"$11,982,771.00",1999-10-29
ALB,Materials,Specialty Chemicals,"Charlotte, North Carolina",2016-07-01,1994,Kent Masters,M,"$11,118,156.00",2020-05-05
ALGN,Health Care,Health Care Supplies,"Tempe, Arizona",2017-06-19,1997,Joseph Hogan,M,"$18,684,044.00",2008-07-17
ALL,Financials,Property & Casualty Insurance,"Northbrook, Illinois",1995-07-13,1931,Thomas Wilson,M,"$15,005,001.00",2006-09-26
ALLE,Industrials,Building Products,"Dublin, Ireland",2013-12-02,1908,David Petratis,M,"$7,896,757.00",2022-07-11
AMAT,Information Technology,Semiconductor Materials & Equipment,"Santa Clara, California",1995-03-16,1967,Gary Dickerson,M,"$20,399,972.00",2013-09-01
AMCR,Materials,Paper & Plastic Packaging Products & Materials,"Warmley, Bristol, United Kingdom",2019-06-07,2019,Ron Delia,M,"$7,305,995.00",2024-03-19
AMD,Information Technology,Semiconductors,"Santa Clara, California",2017-03-20,1969,Lisa Su,F,"$30,219,921.00",2014-10-08
AME,Industrials,Electrical Components & Equipment,"Berwyn, Pennsylvania",2013-09-23,1930,David Zapico,M,"$13,119,641.00",2016-05-01
AMGN,Health Care,Biotechnology,"Thousand Oaks, California",1992-01-02,1980,Robert Bradway,M,"$21,399,733.00",2012-05-01
AMP,Financials,Asset Management & Custody Banks,"Minneapolis, Minnesota",2005-10-03,1894,James Cracchiolo,M,"$22,847,623.00",2005-09-15
AMT,Real Estate,Telecom Tower REITs,"Boston, Massachusetts",2007-11-19,1995,Thomas Bartlett,M,"$18,306,709.00",2023-10-27
AMZN,Consumer Discretionary,Broadline Retail,"Seattle, Washington",2005-11-18,1994,Andrew Jassy,M,"$1,298,723.00",2021-02-02
ANET,Information Technology,Communications Equipment,"Santa Clara, California",2018-08-28,2004,Jayshree Ullal,F,"$10,735,887.00",2008-10-01
ANSS,Information Technology,Application Software,"Canonsburg, Pennsylvania",2017-06-19,1969,Ajei Gopal,M,"$21,872,498.00",2017-01-01
AON,Financials,Insurance Brokers,"London, UK",1996-04-23,1996,Gregory Case,M,"$19,668,985.00",2005-04-01
AOS,Industrials,Building Products,"Milwaukee, Wisconsin",2017-07-26,1916,Kevin Wheeler,M,"$6,640,047.00",2018-07-11
APA,Energy,Oil & Gas Exploration & Production,"Houston, Texas",1997-07-28,1954,John Christmann,M,"$13,802,119.00",2015-01-01
APD,Materials,Industrial Gases,"Allentown, Pennsylvania",1985-04-30,1940,Seifi Ghasemi,M,"$18,483,105.00",2024-06-18
APH,Information Technology,Electronic Components,"Wallingford, Connecticut",2008-09-30,1932,Richard Adam Norwitt,M,"$13,955,683.00",2006-12-13
APTV,Consumer Discretionary,Automotive Parts & Equipment,"Dublin, Ireland",2012-12-24,1994,Kevin Clark,M,"$16,206,621.00",2022-04-01
ARE,Real Estate,Office REITs,"Pasadena, California",2017-03-20,1994,Peter Moglia,M,"$9,289,388.00",2023-09-05
ATO,Utilities,Gas Utilities,"Dallas, Texas",2019-02-15,1906,Kevin Akers,M,"$4,839,562.00",2019-10-01
AVB,Real Estate,Multi-Family Residential REITs,"Arlington, Virginia",2007-01-10,1978,Benjamin Schall,M,"$9,393,208.00",2021-02-01
AVGO,Information Technology,Semiconductors,"Palo Alto, California",2014-05-08,1961,Hock Tan,M,"$60,606,971.00",2016-02-01
AVY,Materials,Paper & Plastic Packaging Products & Materials,"Mentor, Ohio",1987-12-31,1990,Mitchell Butier,M,"$9,107,739.00",2016-05-01
AWK,Utilities,Water Utilities,"Camden, New Jersey",2016-03-04,1886,Susan Hardwick,F,"$6,720,753.00",2022-02-02
AXON,Industrials,Aerospace & Defense,"Scottsdale, Arizona",2023-05-04,1993,Patrick Smith,M,"$33,203.00",2021-01-26
AXP,Financials,Consumer Finance,"New York City, New York",1976-06-30,1850,Stephen Squeri,M,"$48,029,631.00",2018-02-01
AZO,Consumer Discretionary,Automotive Retail,"Memphis, Tennessee",1997-01-02,1979,William Rhodes,M,"$14,330,010.00",2005-03-13
BA,Industrials,Aerospace & Defense,"Arlington, Virginia",1957-03-04,1916,David Calhoun,M,"$22,480,396.00",2020-01-01
BAC,Financials,Diversified Banks,"Charlotte, North Carolina",1976-06-30,1976,Brian Moynihan,M,"$30,177,503.00",2024-03-19
BALL,Materials,"Metal, Glass & Plastic Containers","Broomfield, Colorado",1984-10-31,1880,Daniel Fisher,M,"$6,839,380.00",2022-04-27
BAX,Health Care,Health Care Equipment,"Deerfield, Illinois",1972-09-30,1931,Jose Almeida,M,"$13,588,236.00",2016-01-01
BBWI,Consumer Discretionary,Other Specialty Retail,"Columbus, Ohio",1983-09-30,1963,Andrew Meslow,M,"$9,467,439.00",2020-05-01
BBY,Consumer Discretionary,Computer & Electronics Retail,"Richfield, Minnesota",1999-06-29,1966,Corie Barry,F,"$12,837,677.00",2019-04-15
BDX,Health Care,Health Care Equipment,"Franklin Lakes, New Jersey",1972-09-30,1897,Thomas Polen,M,"$16,711,230.00",2020-01-01
BEN,Financials,Asset Management & Custody Banks,"San Mateo, California",1998-04-30,1947,Jennifer Johnson,F,"$15,734,998.00",2020-02-15
BF.B,Consumer Staples,Distillers & Vintners,"Louisville, Kentucky",1982-10-31,1870,Lawson Whiting,M,"$9,651,262.00",2019-01-01
BG,Consumer Staples,Agricultural Products & Services,"Chesterfield, Missouri",2023-03-15,1818,Gregory Heckman,M,"$17,899,691.00",2019-04-25
BIIB,Health Care,Biotechnology,"Cambridge, Massachusetts",2003-11-13,1978,Christopher Viehbacher,M,"$30,488,593.00",2022-11-10
BIO,Health Care,Life Sciences Tools & Services,"Hercules, California",2020-06-22,1952,Norman Schwartz,M,"$7,527,985.00",2003-01-01
BK,Financials,Asset Management & Custody Banks,"New York City, New York",1995-03-31,1784,Robin Vince,M,"$11,203,469.00",2022-03-01
BKNG,Consumer Discretionary,"Hotels, Resorts & Cruise Lines","Norwalk, Connecticut",2009-11-06,1996,Glenn Fogel,M,"$30,774,922.00",2017-01-01
BKR,Energy,Oil & Gas Equipment & Services,"Houston, Texas",2017-07-07,2017,Lorenzo Simonelli,M,"$16,091,588.00",2017-10-02
BLDR,Industrials,Building Products,"Irving, Texas",2023-12-18,1998,David Rush,M,"$2,460,749.00",2022-11-18
BLK,Financials,Asset Management & Custody Banks,"New York City, New York",2011-04-04,1988,Laurence Fink,M,"$32,726,109.00",1999-10-01
BMY,Health Care,Pharmaceuticals,"New York City, New York",1957-03-04,1957,Giovanni Caforio,M,"$20,053,032.00",2023-11-01
BR,Industrials,Data Processing & Outsourced Services,"Lake Success, New York",2018-06-18,1962,Timothy Gokey,M,"$10,068,228.00",2019-01-02
BRK.B,Financials,Multi-Sector Holdings,"Omaha, Nebraska",2010-02-16,1839,Warren Buffett,M,"$401,589.00",1965-05-10
BRO,Financials,Insurance Brokers,"Daytona Beach, Florida",2021-09-20,1939,Powell Brown,M,"$6,741,633.00",2009-07-01
BSX,Health Care,Health Care Equipment,"Marlborough, Massachusetts",1995-02-24,1979,Michael Mahoney,M,"$16,941,961.00",2012-11-01
BWA,Consumer Discretionary,Automotive Parts & Equipment,"Auburn Hills, Michigan",2011-12-19,1880,Frederic Lissalde,M,"$17,860,730.00",2018-06-07
BX,Financials,Asset Management & Custody Banks,"New York City, New York",2023-09-18,1985,Stephen Schwarzman,M,"$253,122,146.00",2007-06-21
BXP,Real Estate,Office REITs,"Boston, Massachusetts",2006-04-03,1970,Owen Thomas,M,"$13,050,788.00",2013-04-15
C,Financials,Diversified Banks,"New York City, New York",1988-05-31,1998,Jane Fraser,F,"$22,064,065.00",2021-03-01
CAG,Consumer Staples,Packaged Foods & Meats,"Chicago, Illinois",1983-08-31,1919,Sean Connolly,M,"$18,720,100.00",2015-02-12
CAH,Health Care,Health Care Distributors,"Dublin, Ohio",1997-05-27,1971,Michael Kaufmann,M,"$13,463,557.00",2022-08-11
CARR,Industrials,Building Products,"Palm Beach Gardens, Florida",2020-04-03,2020,David Gitlin,M,"$13,222,247.00",2021-04-19
CAT,Industrials,Construction Machinery & Heavy Transportation Equipment,"Irving, Texas",1957-03-04,1925,James Umpleby,M,"$20,607,600.00",2017-01-01
CB,Financials,Property & Casualty Insurance,"Zurich, Switzerland",2010-07-15,1985,Evan Greenberg,M,"$25,152,070.00",2004-05-01
CBOE,Financials,Financial Exchanges & Data,"Chicago, Illinois",2017-03-01,1973,Edward Tilly,M,"$11,915,247.00",2023-09-19
CBRE,Real Estate,Real Estate Services,"Dallas, Texas",2006-11-10,1906,Robert Sulentic,M,"$25,912,100.00",2012-05-08
CCI,Real Estate,Telecom Tower REITs,"Houston, Texas",2012-03-14,1994,Jay Brown,M,"$12,450,777.00",2022-09-26
CCL,Consumer Discretionary,"Hotels, Resorts & Cruise Lines","Miami, Florida",1998-12-22,1972,Josh Weinstein,M,"$8,014,153.00",2022-08-01
CDNS,Information Technology,Application Software,"San Jose, California",2017-09-18,1988,Anirudh Devgan,M,"$32,216,034.00",2021-12-15
CDW,Information Technology,Technology Distributors,"Vernon Hills, Illinois",2019-09-23,1984,Christine Leahy,F,"$11,115,822.00",2018-12-12
CE,Materials,Specialty Chemicals,"Irving, Texas",2018-12-24,1918,Lori Ryerkerk,F,"$10,967,783.00",2019-05-01
CEG,Utilities,Electric Utilities,"Baltimore, Maryland",2022-02-02,1999,Joseph Dominguez,M,"$10,439,082.00",2022-01-07
CF,Materials,Fertilizers & Agricultural Chemicals,"Deerfield, Illinois",2008-08-27,1946,Anthony Will,M,"$14,279,027.00",2013-09-16
CFG,Financials,Regional Banks,"Providence, Rhode Island",2016-01-29,1828,Bruce Van Saun,M,"$11,703,788.00",2013-10-01
CHD,Consumer Staples,Household Products,"Ewing, New Jersey",2015-12-29,1847,Matthew Farrell,M,"$8,375,361.00",2016-01-01
CHRW,Industrials,Air Freight & Logistics,"Eden Prairie, Minnesota",2007-03-02,1905,Robert Biesterfeld,M,"$10,529,870.00",2019-05-01
CHTR,Communication Services,Cable & Satellite,"Stamford, Connecticut",2016-09-08,1993,Christopher Winfrey,M,"$15,626,967.00",2022-12-01
CI,Health Care,Health Care Services,"Bloomfield, Connecticut",1976-06-30,1982,David Cordani,M,"$20,965,504.00",2022-01-01
CINF,Financials,Property & Casualty Insurance,"Fairfield, Ohio",1997-12-18,1950,Steven Johnston,M,"$7,596,511.00",2011-04-26
CL,Consumer Staples,Household Products,"New York City, New York",1957-03-04,1806,Noel Wallace,M,"$14,462,406.00",2019-02-04
CLX,Consumer Staples,Household Products,"Oakland, California",1969-03-31,1913,Linda Rendle,F,"$8,534,808.00",2020-09-01
CMCSA,Communication Services,Cable & Satellite,"Philadelphia, Pennsylvania",2002-11-19,1963,Brian Roberts,M,"$32,069,850.00",2004-05-15
CME,Financials,Financial Exchanges & Data,"Chicago, Illinois",2006-08-11,1848,Terrence Duffy,M,"$22,943,077.00",2016-11-15
CMG,Consumer Discretionary,Restaurants,"Newport Beach, California",2011-04-28,1993,Brian Niccol,M,"$17,186,154.00",2018-02-13
CMI,Industrials,Construction Machinery & Heavy Transportation Equipment,"Columbus, Indiana",1965-03-31,1919,Jennifer Rumsey,F,"$7,133,411.00",2020-09-01
CMS,Utilities,Multi-Utilities,"Jackson, Michigan",1957-03-04,1886,Garrick Rochow,M,"$8,706,194.00",2020-12-01
CNC,Health Care,Managed Health Care,"St. Louis, Missouri",2016-03-30,1984,Sarah London,F,"$13,246,447.00",2022-03-22
CNP,Utilities,Multi-Utilities,"Houston, Texas",1985-07-31,1882,David Lesar,M,"$13,867,875.00",2020-07-01
COF,Financials,Consumer Finance,"Tysons Corner, Virginia",1998-07-01,1994,Richard Fairbank,M,"$27,605,311.00",1994-07-21
COO,Health Care,Health Care Supplies,"San Ramon, California",2016-09-23,1958,Albert White,M,"$11,735,964.00",2018-05-01
COP,Energy,Oil & Gas Exploration & Production,"Houston, Texas",1957-03-04,2002,Ryan Lance,M,"$19,972,339.00",2012-05-01
COR,Health Care,Health Care Distributors,"Conshohocken, Pennsylvania",2001-08-30,1985,Steven Collis,M,"$17,510,000.00",2024-03-15
COST,Consumer Staples,Consumer Staples Merchandise Retail,"Issaquah, Washington",1993-10-01,1976,Craig Jelinek,M,"$9,905,070.00",2023-10-18
CPAY,Financials,Transaction & Payment Processing Services,"Atlanta, Georgia",2018-06-20,2000,Ron Clarke,M,"$3,986,998.00",2021-07-01
CPB,Consumer Staples,Packaged Foods & Meats,"Camden, New Jersey",1957-03-04,1869,Mark Clouse,M,"$10,277,065.00",2019-01-22
CPRT,Industrials,Diversified Support Services,"Dallas, Texas",2018-07-02,1982,Jeffrey Liaw,M,"$30,997,606.00",2024-03-11
CPT,Real Estate,Multi-Family Residential REITs,"Houston, Texas",2022-04-04,1981,Richard Campo,M,"$6,176,567.00",1993-05-15
CRL,Health Care,Life Sciences Tools & Services,"Wilmington, Massachusetts",2021-05-14,1947,James Foster,M,"$13,447,872.00",2002-10-11
CRM,Information Technology,Application Software,"San Francisco, California",2008-09-15,1999,Marc Benioff,M,"$29,868,893.00",2004-06-23
CRWD,Information Technology,Systems Software,"Austin, Texas",2024-06-24,2011,George Kurtz,M,"$46,980,000.00",2024-01-16
CSCO,Information Technology,Communications Equipment,"San Jose, California",1993-12-01,1984,Charles Robbins,M,"$29,283,936.00",2015-07-15
CSGP,Real Estate,Real Estate Services,"Washington, D.C.",2022-09-19,1987,Andrew Florance,M,"$19,420,514.00",2024-01-22
CSX,Industrials,Rail Transportation,"Jacksonville, Florida",1957-03-04,1980,Joseph Hinrichs,M,"$8,348,517.00",2022-08-01
CTAS,Industrials,Diversified Support Services,"Mason, Ohio",2001-03-01,1929,Todd Schneider,M,"$7,570,256.00",2021-06-01
CTLT,Health Care,Pharmaceuticals,"Somerset, New Jersey",2020-09-21,2007,John Chiminski,M,"$12,407,517.00",2009-03-01
CTRA,Energy,Oil & Gas Exploration & Production,"Houston, Texas",2008-06-23,2008,Thomas Jorden,M,"$15,303,397.00",2023-01-01
CTSH,Information Technology,IT Consulting & Other Services,"Teaneck, New Jersey",2006-11-17,1994,Brian Humphries,M,"$17,943,894.00",2019-02-06
CTVA,Materials,Fertilizers & Agricultural Chemicals,"Indianapolis, Indiana",2019-06-03,2019,Charles Magro,M,"$14,762,075.00",2021-11-01
CVS,Health Care,Health Care Services,"Woonsocket, Rhode Island",1957-03-04,1996,Karen Lynch,F,"$21,317,055.00",2022-05-30
CVX,Energy,Integrated Oil & Gas,"San Ramon, California",1957-03-04,1879,Mike Wirth,M,"$23,573,925.00",2018-02-01
CZR,Consumer Discretionary,Casinos & Gaming,"Reno, Nevada",2021-03-22,1973,Thomas Reeg,M,"$31,349,920.00",2019-01-01
D,Utilities,Multi-Utilities,"Richmond, Virginia",2016-11-30,1983,Robert Blue,M,"$6,794,985.00",2020-10-15
DAL,Industrials,Passenger Airlines,"Atlanta, Georgia",2013-09-11,1929,Dallas Tanner,M,"$14,166,554.00",2019-01-16
DAY,Industrials,Human Resource & Employment Services,"Minneapolis, Minnesota",2021-09-20,1992,David Ossip,M,"$13,590,000.00",2018-04-26
DD,Materials,Specialty Chemicals,"Wilmington, Delaware",2019-04-02,2019,Edward Breen,M,"$25,584,297.00",2015-11-12
DE,Industrials,Agricultural & Farm Machinery,"Moline, Illinois",1957-03-04,1837,John May,M,"$20,300,151.00",2019-11-04
DECK,Consumer Discretionary,Footwear,"Goleta, California",2024-03-18,1973,Dave Powers,M,"$10,854,934.00",2024-08-01
DFS,Financials,Consumer Finance,"Riverwoods, Illinois",2007-07-02,1985,Roger Hochschild,M,"$10,642,075.00",2018-10-01
DG,Consumer Staples,Consumer Staples Merchandise Retail,"Goodlettsville, Tennessee",2012-12-03,1939,Jeffery Owen,M,"$12,032,684.00",2022-11-01
DGX,Health Care,Health Care Services,"Secaucus, New Jersey",2002-12-12,1967,James Davis,M,"$11,883,027.00",2022-11-01
DHI,Consumer Discretionary,Homebuilding,"Arlington, Texas",2005-06-22,1978,David Auld,M,"$29,996,862.00",2014-09-30
DHR,Health Care,Life Sciences Tools & Services,"Washington, D.C.",1998-11-18,1969,Rainer Blair,M,"$20,196,027.00",2019-06-01
DIS,Communication Services,Movies & Entertainment,"Burbank, California",1976-06-30,1923,Bob Iger,M,"$31,600,000.00",2005-03-13
DLR,Real Estate,Data Center REITs,"Austin, Texas",2016-05-18,2004,Andrew Power,M,"$6,835,895.00",2021-11-01
DLTR,Consumer Staples,Consumer Staples Merchandise Retail,"Chesapeake, Virginia",2011-12-19,1986,Michael Witynski,M,"$13,975,672.00",2020-07-20
DOC,Real Estate,Health Care REITs,"Denver, Colorado",2008-03-31,1985,Scott Brinker,M,"$5,557,084.00",2022-10-06
DOV,Industrials,Industrial Machinery & Supplies & Components,"Downers Grove, Illinois",1985-10-31,1955,Richard Tobin,M,"$14,143,252.00",2018-05-01
DOW,Materials,Commodity Chemicals,"Midland, Michigan",2019-04-01,2019,Jim Fitterling,M,"$19,464,652.00",2018-03-15
DPZ,Consumer Discretionary,Restaurants,"Ann Arbor, Michigan",2020-05-12,1960,Russell Weiner,M,"$6,636,731.00",2022-05-01
DRI,Consumer Discretionary,Restaurants,"Orlando, Florida",1995-05-31,1938,Ricardo Cardenas,M,"$8,500,029.00",2021-12-15
DTE,Utilities,Multi-Utilities,"Detroit, Michigan",1957-03-04,1995,Gerardo Norcia,M,"$10,458,218.00",2019-06-24
DUK,Utilities,Electric Utilities,"Charlotte, North Carolina",1976-06-30,1904,Lynn Good,F,"$21,354,759.00",2013-07-01
DVA,Health Care,Health Care Services,"Denver, Colorado",2008-07-31,1979,Javier Rodriguez,M,"$2,984,581.00",2014-03-06
DVN,Energy,Oil & Gas Exploration & Production,"Oklahoma City, Oklahoma",2000-08-30,1971,Richard Muncrief,M,"$14,524,777.00",2014-05-01
DXCM,Health Care,Health Care Equipment,"San Diego, California",2020-05-12,1999,Kevin Sayer,M,"$15,435,652.00",2015-01-01
EA,Communication Services,Interactive Home Entertainment,"Redwood City, California",2002-07-22,1982,Andrew Wilson,M,"$20,659,002.00",2013-09-01
EBAY,Consumer Discretionary,Broadline Retail,"San Jose, California",2002-07-22,1995,Jamie Iannone,M,"$16,950,325.00",2020-04-27
ECL,Materials,Specialty Chemicals,"Saint Paul, Minnesota",1989-01-31,1923,Christophe Beck,M,"$8,720,419.00",2021-01-01
ED,Utilities,Multi-Utilities,"New York City, New York",1957-03-04,1823,Timothy Cawley,M,"$9,592,297.00",2021-01-01
EFX,Industrials,Research & Consulting Services,"Atlanta, Georgia",1997-06-19,1899,Mark Begor,M,"$37,245,853.00",2018-04-01
EG,Financials,Reinsurance,"Hamilton, Bermuda",2017-06-19,1973,Juan Andrade,M,"$9,106,199.00",2019-08-01
EIX,Utilities,Electric Utilities,"Rosemead, California",1957-03-04,1886,Pedro Pizarro,M,"$12,191,229.00",2016-10-01
EL,Consumer Staples,Personal Care Products,"New York City, New York",2006-01-05,1946,Fibrizio Freda,M,"$21,811,244.00",2017-05-02
ELV,Health Care,Managed Health Care,"Indianapolis, Indiana",2002-07-25,2002,Gail Boudreaux,F,"$20,931,081.00",2017-11-06
EMN,Materials,Specialty Chemicals,"Kingsport, Tennessee",1994-01-01,1920,Mark Costa,M,"$17,068,131.00",2014-01-01
EMR,Industrials,Electrical Components & Equipment,"Ferguson, Missouri",1965-03-31,1890,Lal Karsanbhai,M,"$15,178,106.00",2021-02-21
ENPH,Information Technology,Semiconductor Materials & Equipment,"Fremont, California",2021-01-07,2006,Badrinarayanan Kothandaraman,M,"$16,627,977.00",2017-04-01
EOG,Energy,Oil & Gas Exploration & Production,"Houston, Texas",2000-11-02,1999,Ezra Yacob,M,"$12,641,202.00",2021-10-01
EPAM,Information Technology,IT Consulting & Other Services,"Newtown, Pennsylvania",2021-12-14,1993,Arkadiy Dobkin,M,"$6,453,257.00",2012-02-08
EQIX,Real Estate,Data Center REITs,"Redwood City, California",2015-03-20,1998,Charles Meyers,M,"$22,282,928.00",2018-09-12
EQR,Real Estate,Multi-Family Residential REITs,"Chicago, Illinois",2001-12-03,1969,Mark Parrell,M,"$11,235,084.00",2019-01-01
EQT,Energy,Oil & Gas Exploration & Production,"Pittsburgh, Pennsylvania",2022-10-03,1888,Toby Rice,M,"$11,600,737.00",2019-07-01
ES,Utilities,Electric Utilities,"Hartford, Connecticut",2009-07-24,1966,Joseph Nolan,M,"$12,959,134.00",2021-05-01
ESS,Real Estate,Multi-Family Residential REITs,"San Mateo, California",2014-04-02,1971,Michael Schall,M,"$4,054,224.00",2009-07-01
ETN,Industrials,Electrical Components & Equipment,"Dublin, Ireland",1957-03-04,1911,Craig Arnold,M,"$14,066,041.00",2016-06-01
ETR,Utilities,Electric Utilities,"New Orleans, Louisiana",1957-03-04,1913,Leo Denault,M,"$13,207,355.00",2013-07-05
ETSY,Consumer Discretionary,Broadline Retail,"New York City, New York",2020-09-21,2005,Josh Silverman,M,"$16,461,507.00",2020-01-01
EVRG,Utilities,Electric Utilities,"Kansas City, Missouri",2018-06-05,1909,David Campbell,M,"$6,888,316.00",2021-01-01
EW,Health Care,Health Care Equipment,"Irvine, California",2011-04-01,1958,Michael Mussallem,M,"$13,992,145.00",2000-04-01
EXC,Utilities,Electric Utilities,"Chicago, Illinois",1957-03-04,2000,Calvin Butler,M,"$6,286,091.00",2022-12-31
EXPD,Industrials,Air Freight & Logistics,"Seattle, Washington",2007-10-10,1979,Jeffrey Musser,M,"$10,833,047.00",2013-12-15
EXPE,Consumer Discretionary,"Hotels, Resorts & Cruise Lines","Seattle, Washington",2007-10-02,1996,Peter Kern,M,"$1,094,473.00",2020-04-15
EXR,Real Estate,Self-Storage REITs,"Salt Lake City, Utah",2016-01-19,1977,Joseph Margolis,M,"$11,628,744.00",2017-01-01
F,Consumer Discretionary,Automobile Manufacturers,"Dearborn, Michigan",1957-03-04,1903,James Farley,M,"$20,996,146.00",2020-10-01
FANG,Energy,Oil & Gas Exploration & Production,"Midland, Texas",2018-12-03,2007,Travis Stice,M,"$17,152,470.00",2012-01-01
FAST,Industrials,Trading Companies & Distributors,"Winona, Minnesota",2008-09-15,1967,Daniel Florness,M,"$5,439,610.00",2023-08-14
FCX,Materials,Copper,"Phoenix, Arizona",2011-07-01,1912,Richard Adkerson,M,"$20,521,929.00",2003-12-01
FDS,Financials,Financial Exchanges & Data,"Norwalk, Connecticut",2021-12-20,1978,Philip Snow,M,"$6,604,998.00",2015-07-01
FDX,Industrials,Air Freight & Logistics,"Memphis, Tennessee",1980-12-31,1971,Rajesh Subramaniam,M,"$13,249,823.00",2022-06-01
FE,Utilities,Electric Utilities,"Akron, Ohio",1997-11-28,1997,Steven Strah,M,"$9,268,371.00",2021-03-08
FFIV,Information Technology,Communications Equipment,"Seattle, Washington",2010-12-20,1996,Francois Locoh-Donou,M,"$12,823,862.00",2017-04-01
FI,Financials,Transaction & Payment Processing Services,"Brookfield, Wisconsin",2001-04-02,1984,Frank Bisignano,M,"$17,822,560.00",2020-07-01
FICO,Information Technology,Application Software,"Bozeman, Montana",2023-03-20,1956,William Lansing,M,"$18,913,781.00",2012-01-27
FIS,Financials,Transaction & Payment Processing Services,"Jacksonville, Florida",2006-11-10,1968,Gary Norcross,M,"$45,321,374.00",2015-01-01
FITB,Financials,Diversified Banks,"Cincinnati, Ohio",1996-03-29,1858,Timothy Spence,M,"$8,138,659.00",2022-07-15
FMC,Materials,Fertilizers & Agricultural Chemicals,"Philadelphia, Pennsylvania",2009-08-19,1883,Mark Douglas,M,"$11,069,899.00",2020-06-01
FOXA,Communication Services,Broadcasting,"New York City, New York",2019-03-04,2019,Lachlan Murdoch,M,"$21,748,681.00",2019-03-15
FRT,Real Estate,Retail REITs,"Rockville, Maryland",2016-02-01,1962,Donald Wood,M,"$8,916,031.00",2002-03-11
FSLR,Information Technology,Semiconductors,"Tempe, Arizona",2022-12-19,1999,Mark Widmar,M,"$7,207,833.00",2016-07-01
FTNT,Information Technology,Systems Software,"Sunnyvale, California",2018-10-11,2000,Ken Xie,M,"$14,200,453.00",2009-11-18
FTV,Industrials,Industrial Machinery & Supplies & Components,"Everett, Washington",2016-07-01,2016,James Lico,M,"$16,611,190.00",2016-06-15
GD,Industrials,Aerospace & Defense,"Falls Church, Virginia",1957-03-04,1899,Phebe Novakovic,F,"$21,478,167.00",2013-01-01
GDDY,Information Technology,Internet Services & Infrastructure,"Tempe, Arizona",2024-06-24,1997,Aman Bhutani,M,"$15,880,000.00",2019-08-01
GE,Industrials,Aerospace & Defense,"Evendale, Ohio",1957-03-04,1892,Larry Culp Jr,M,"$2,000,000.00",2018-04-01
GEHC,Health Care,Health Care Equipment,"Chicago, Illinois",2023-01-04,1994,Peter Arduini,M,"$10,497,102.00",2022-12-01
GEN,Information Technology,Systems Software,"Tempe, Arizona",2003-03-25,1982,Vincent Pilette,M,"$25,291,365.00",2019-11-01
GEV,Industrials,Heavy Electrical Equipment,"Cambridge, Massachusetts",2024-04-02,2024,Scott Strazik,M,"$7,330,000.00",2021-11-15
GILD,Health Care,Biotechnology,"Foster City, California",2004-07-01,1987,Daniel O'Day,M,"$21,621,253.00",2019-03-01
GIS,Consumer Staples,Packaged Foods & Meats,"Golden Valley, Minnesota",1957-03-04,1856,Jeffrey Harmening,M,"$16,385,646.00",2017-06-01
GL,Financials,Life & Health Insurance,"McKinney, Texas",1989-04-30,1900,Gary Coleman,M,"$8,904,419.00",2022-12-31
GLW,Information Technology,Electronic Components,"Corning, New York",1995-02-27,1851,Wendell Weeks,M,"$16,169,469.00",2005-04-01
GM,Consumer Discretionary,Automobile Manufacturers,"Detroit, Michigan",2013-06-06,1908,Mary Barra,F,"$28,979,570.00",2014-01-15
GNRC,Industrials,Electrical Components & Equipment,"Waukesha, Wisconsin",2021-03-22,1959,Aaron Jagdfeld,M,"$6,807,676.00",2008-08-20
GOOGL,Communication Services,Interactive Media & Services,"Mountain View, California",2014-04-03,1998,Sundar Pichai,M,"$225,985,145.00",2015-08-10
GPC,Consumer Discretionary,Distributors,"Atlanta, Georgia",1973-12-31,1925,Paul Donahue,M,"$10,376,689.00",2024-04-29
GPN,Financials,Transaction & Payment Processing Services,"Atlanta, Georgia",2016-04-25,2000,Jeffrey Sloan,M,"$22,270,578.00",2023-06-01
GRMN,Consumer Discretionary,Consumer Electronics,"Schaffhausen, Switzerland",2012-12-12,1989,Clifton Pemble,M,"$4,317,591.00",2013-01-01
GS,Financials,Investment Banking & Brokerage,"New York City, New York",2002-07-22,1869,David Solomon,M,"$31,609,420.00",2018-10-01
GWW,Industrials,Industrial Machinery & Supplies & Components,"Lake Forest, Illinois",1981-06-30,1927,Donald G. Macpherson,M,"$9,967,658.00",2016-08-08
HAL,Energy,Oil & Gas Equipment & Services,"Houston, Texas",1957-03-04,1919,Jeffrey Miller,M,"$23,402,317.00",2017-05-17
HAS,Consumer Discretionary,Leisure Products,"Pawtucket, Rhode Island",1984-09-30,1923,Christian Cocks,M,"$9,443,047.00",2022-01-05
HBAN,Financials,Regional Banks,"Columbus, Ohio; Detroit, Michigan",1997-08-28,1866,Stephen Steinour,M,"$10,484,975.00",2009-01-14
HCA,Health Care,Health Care Facilities,"Nashville, Tennessee",2015-01-27,1968,Samuel Hazen,M,"$14,637,726.00",2019-01-01
HD,Consumer Discretionary,Home Improvement Retail,"Atlanta, Georgia",1988-03-31,1978,Edward Decker,M,"$14,519,789.00",2022-03-01
HES,Energy,Integrated Oil & Gas,"New York City, New York",1984-05-31,1919,Hess John,M,"$14,042,178.00",1995-05-01
HIG,Financials,Property & Casualty Insurance,"Hartford, Connecticut",1957-03-04,1810,Christopher Swift,M,"$16,086,469.00",2014-06-09
HII,Industrials,Aerospace & Defense,"Newport News, Virginia",2018-01-03,2011,Christopher Kastner,M,"$7,742,266.00",2022-01-28
HLT,Consumer Discretionary,"Hotels, Resorts & Cruise Lines","Tysons Corner, Virginia",2017-06-19,1919,Christopher Nassetta,M,"$23,532,938.00",2007-10-29
HOLX,Health Care,Health Care Equipment,"Marlborough, Massachusetts",2016-03-30,1985,Stephen MacMillan,M,"$14,335,632.00",2013-12-01
HON,Industrials,Industrial Conglomerates,"Charlotte, North Carolina",1957-03-04,1906,Darius Adamczyk,M,"$25,437,598.00",2023-03-14
HPE,Information Technology,"Technology Hardware, Storage & Peripherals","Houston, Texas",2015-11-02,2015,Antonio Neri,M,"$17,366,365.00",2018-02-01
HPQ,Information Technology,"Technology Hardware, Storage & Peripherals","Palo Alto, California",1974-12-31,1974,Enrique Lores,M,"$21,079,926.00",2019-11-01
HRL,Consumer Staples,Packaged Foods & Meats,"Austin, Minnesota",2009-03-04,1891,James Snee,M,"$9,478,102.00",2016-10-01
HSIC,Health Care,Health Care Distributors,"Melville, New York",2015-03-17,1932,Stanley Bergman,M,"$8,255,135.00",2019-10-15
HST,Real Estate,Hotel & Resort REITs,"Bethesda, Maryland",2007-03-20,1993,James Risoleo,M,"$14,474,484.00",2012-01-01
HSY,Consumer Staples,Packaged Foods & Meats,"Hershey, Pennsylvania",1957-03-04,1894,Michele Buck,F,"$13,550,049.00",2016-12-22
HUBB,Industrials,Industrial Machinery & Supplies & Components,"Shelton, Connecticut",2023-10-18,1888,Gerben Bakker,M,"$9,700,000.00",2019-06-06
HUM,Health Care,Managed Health Care,"Louisville, Kentucky",2012-12-10,1961,Bruce Broussard,M,"$17,198,844.00",2018-12-12
HWM,Industrials,Aerospace & Defense,"Pittsburgh, Pennsylvania",2016-10-21,1888,John Plant,M,"$1,748,249.00",2021-10-14
IBM,Information Technology,IT Consulting & Other Services,"Armonk, New York",1957-03-04,1911,Arvind Krishna,M,"$16,580,075.00",2011-03-01
ICE,Financials,Financial Exchanges & Data,"Atlanta, Georgia",2007-09-26,2000,Jeffrey Sprecher,M,"$16,703,980.00",2000-05-01
IDXX,Health Care,Health Care Equipment,"Westbrook, Maine",2017-01-05,1983,Jonathan Mazelsky,M,"$9,788,388.00",2020-12-15
IEX,Industrials,Industrial Machinery & Supplies & Components,"Lake Forest, Illinois",2019-08-09,1988,Eric Ashleman,M,"$7,495,227.00",2020-04-06
IFF,Materials,Specialty Chemicals,"New York City, New York",1976-03-31,1976,Frank Clyburn,M,"$19,271,654.00",2022-01-20
INCY,Health Care,Biotechnology,"Wilmington, Delaware",2017-02-28,1991,Herve Hoppenot,M,"$16,669,368.00",2014-01-15
INTC,Information Technology,Semiconductors,"Santa Clara, California",1976-12-31,1968,Patrick Gelsinger,M,"$11,614,700.00",2021-02-15
INTU,Information Technology,Application Software,"Mountain View, California",2000-12-05,1983,Sasan Goodarzi,M,"$27,174,857.00",2018-08-01
INVH,Real Estate,Single-Family Residential REITs,"Dallas, Texas",2022-09-19,2012,Dallas Tanner,M,"$14,166,554.00",2019-01-16
IP,Materials,Paper & Plastic Packaging Products & Materials,"Memphis, Tennessee",1957-03-04,1898,Mark Sutton,M,"$13,654,752.00",2024-05-01
IPG,Communication Services,Advertising,"New York City, New York",1992-10-01,1992,Philippe Krakowsky,M,"$13,209,442.00",2021-01-01
IQV,Health Care,Life Sciences Tools & Services,"Durham, North Carolina",2017-08-29,1982,Ari Bousbib,M,"$30,135,029.00",2016-10-01
IR,Industrials,Industrial Machinery & Supplies & Components,"Davidson, North Carolina",2020-03-03,1859,Vicente Reynal,M,"$54,505,957.00",2014-01-13
IRM,Real Estate,Other Specialized REITs,"Boston, Massachusetts",2009-01-06,1951,William Meaney,M,"$15,102,071.00",2013-01-01
ISRG,Health Care,Health Care Equipment,"Sunnyvale, California",2008-06-02,1995,Gary Guthart,M,"$10,345,077.00",2009-10-23
IT,Information Technology,IT Consulting & Other Services,"Stamford, Connecticut",2017-04-05,1979,Eugene Hall,M,"$15,452,138.00",2024-07-01
ITW,Industrials,Industrial Machinery & Supplies & Components,"Glenview, Illinois",1986-02-28,1912,Scott Santi,M,"$22,234,230.00",2019-10-24
IVZ,Financials,Asset Management & Custody Banks,"Atlanta, Georgia",2008-08-21,1935,Martin Flanagan,M,"$15,173,146.00",2023-06-30
J,Industrials,Construction & Engineering,"Dallas, Texas",2007-10-26,1947,Steven Demetriou,M,"$14,615,521.00",2023-01-24
JBHT,Industrials,Cargo Ground Transportation,"Lowell, Arkansas",2015-07-01,1961,John Roberts,M,"$9,240,455.00",2024-07-01
JBL,Information Technology,Electronic Manufacturing Services,"St. Petersburg, Florida",2023-12-18,1966,Mike Dastoor,M,"$4,820,000.00",2024-05-18
JCI,Industrials,Building Products,"Cork, Ireland",2010-08-27,1885,George Oliver,M,"$14,929,350.00",2017-09-01
JKHY,Financials,Transaction & Payment Processing Services,"Monett, Missouri",2018-11-13,1976,David Foss,M,"$9,758,392.00",2024-01-22
JNJ,Health Care,Pharmaceuticals,"New Brunswick, New Jersey",1973-06-30,1886,Joaquin Duato,M,"$13,099,487.00",2022-11-30
JNPR,Information Technology,Communications Equipment,"Sunnyvale, California",2006-06-02,1996,Rami Rahim,M,"$16,630,540.00",2014-11-01
JPM,Financials,Diversified Banks,"New York City, New York",1975-06-30,1975,James Dimon,M,"$34,848,606.00",2005-12-31
K,Consumer Staples,Packaged Foods & Meats,"Chicago, Illinois",1989-09-11,1906,Steve Cahillane,M,"$17,000,000.00",2023-10-02
KDP,Consumer Staples,Soft Drinks & Non-alcoholic Beverages,"Burlington, Massachusetts",2022-06-21,1981,Robert Gamgort,M,"$12,486,492.00",2018-07-01
KEY,Financials,Regional Banks,"Cleveland, Ohio",1994-03-01,1825,Christopher Gorman,M,"$10,463,627.00",2011-05-01
KEYS,Information Technology,Electronic Equipment & Instruments,"Santa Rosa, California",2018-11-06,2018,Satish Dhanasekaran,M,"$9,393,716.00",2022-02-22
KHC,Consumer Staples,Packaged Foods & Meats,"Chicago, Illinois; Pittsburgh, Pennsylvania",2015-07-06,2015,Miguel Patricio,M,"$7,098,246.00",2019-07-01
KIM,Real Estate,Retail REITs,"Jericho, New York",2006-04-04,1958,Conor Flynn,M,"$11,630,048.00",2016-01-01
KKR,Financials,Asset Management & Custody Banks,"New York City, New York",2024-06-24,1976,Joseph Bae,M,"$49,960,000.00",2021-10-13
KLAC,Information Technology,Semiconductor Materials & Equipment,"Milpitas, California",1997-09-30,1997,Richard Wallace,M,"$20,568,625.00",2019-07-01
KMB,Consumer Staples,Household Products,"Irving, Texas",1957-03-04,1872,Michael Hsu,M,"$14,555,561.00",2019-01-01
KMI,Energy,Oil & Gas Storage & Transportation,"Houston, Texas",2012-05-25,1997,Steven Kean,M,"$1,462.00",2017-07-01
KMX,Consumer Discretionary,Automotive Retail,"Richmond, Virginia",2010-06-28,1993,William Nash,M,"$11,588,743.00",2023-12-26
KO,Consumer Staples,Soft Drinks & Non-alcoholic Beverages,"Atlanta, Georgia",1957-03-04,1886,James Quincey,M,"$22,822,519.00",2016-12-15
KR,Consumer Staples,Food Retail,"Cincinnati, Ohio",1957-03-04,1883,Rodney McMullen,M,"$19,209,843.00",2014-01-01
KVUE,Consumer Staples,Personal Care Products,"Skillman, New Jersey",2023-08-25,2023,Thibaut Mongon,M,"$19,720,000.00",2022-05-11
L,Financials,Multi-line Insurance,"New York City, New York",1995-05-31,1959,James Tisch,M,"$6,439,183.00",2024-12-31
LDOS,Industrials,Diversified Support Services,"Reston, Virginia",2019-08-09,1969,Roger Krone,M,"$13,548,892.00",2014-07-14
LEN,Consumer Discretionary,Homebuilding,"Miami, Florida",2005-10-04,1954,Jonathan Jaffe,M,"$30,032,983.00",2020-11-03
LH,Health Care,Health Care Services,"Burlington, North Carolina",2004-11-01,1978,Adam Schechter,M,"$14,927,297.00",2019-11-01
LHX,Industrials,Aerospace & Defense,"Melbourne, Florida",2008-09-22,2008,Christopher Kubasik,M,"$16,714,229.00",2018-10-01
LIN,Materials,Industrial Gases,"Guildford, United Kingdom",1992-07-01,1879,Sanjiv Lamba,M,"$14,601,322.00",2022-02-28
LKQ,Consumer Discretionary,Distributors,"Chicago, Illinois",2016-05-23,1998,Dominick Zarcone,M,"$10,740,892.00",2023-11-27
LLY,Health Care,Pharmaceuticals,"Indianapolis, Indiana",1970-12-31,1876,David Ricks,M,"$21,398,135.00",2017-01-01
LMT,Industrials,Aerospace & Defense,"Bethesda, Maryland",1957-03-04,1995,James Taiclet,M,"$24,810,545.00",2020-06-15
LNT,Utilities,Electric Utilities,"Madison, Wisconsin",2016-07-01,1917,John Larsen Board,M,"$7,286,977.00",2024-01-01
LOW,Consumer Discretionary,Home Improvement Retail,"Mooresville, North Carolina",1984-02-29,1904/1946/1959,Marvin Ellison,M,"$17,472,005.00",2018-07-02
LRCX,Information Technology,Semiconductor Materials & Equipment,"Fremont, California",2012-06-29,1980,Timothy Archer,M,"$16,941,156.00",2016-11-01
LULU,Consumer Discretionary,"Apparel, Accessories & Luxury Goods","Vancouver, Canada",2023-10-18,1998,Calvin McDonald,M,"$16,500,000.00",2018-07-24
LUV,Industrials,Passenger Airlines,"Dallas, Texas",1994-07-01,1967,Robert Jordan,M,"$5,333,960.00",2022-02-01
LVS,Consumer Discretionary,Casinos & Gaming,"Las Vegas, Nevada",2019-10-03,1988,Robert Goldstein,M,"$11,410,263.00",2014-07-14
LW,Consumer Staples,Packaged Foods & Meats,"Eagle, Idaho",2018-12-03,2018,Thomas Werner,M,"$20,352,276.00",2021-01-07
LYB,Materials,Specialty Chemicals,"Rotterdam, Netherlands",2012-09-05,2007,Peter Vanacker,M,"$17,018,989.00",2022-05-23
LYV,Communication Services,Movies & Entertainment,"Beverly Hills, California",2019-12-23,2010,Michael Rapino,M,"$139,005,565.00",2005-12-25
MA,Financials,Transaction & Payment Processing Services,"Harrison, New York",2008-07-18,1966,Michael Miebach,M,"$21,058,543.00",2021-01-01
MAA,Real Estate,Multi-Family Residential REITs,"Memphis, Tennessee",2016-12-02,1977,Eric Bolton,M,"$8,369,017.00",2002-10-01
MAR,Consumer Discretionary,"Hotels, Resorts & Cruise Lines","Bethesda, Maryland",1998-05-29,1927,Anthony Capuano,M,"$18,686,271.00",2021-02-15
MAS,Industrials,Building Products,"Livonia, Michigan",1981-06-30,1929,Keith Allman,M,"$6,261,228.00",2011-11-28
MCD,Consumer Discretionary,Restaurants,"Chicago, Illinois",1970-06-30,1940,Christopher Kempczinski,M,"$17,770,514.00",2019-11-03
MCHP,Information Technology,Semiconductors,"Chandler, Arizona",2007-09-07,1989,Ganesh Moorthy,M,"$12,276,315.00",2021-03-01
MCK,Health Care,Health Care Distributors,"Irving, Texas",1999-01-13,1833,Brian Tyler,M,"$20,221,325.00",2019-04-01
MCO,Financials,Financial Exchanges & Data,"New York City, New York",1998-07-01,1909,Robert Fauber,M,"$11,619,773.00",2019-11-01
MDLZ,Consumer Staples,Packaged Foods & Meats,"Chicago, Illinois",2012-10-02,2012,Van de Put Dirk,M,"$17,925,677.00",2018-05-06
MDT,Health Care,Health Care Equipment,"Dublin, Ireland",1986-10-31,1949,Geoffrey Martha,M,"$15,394,633.00",2020-04-27
MET,Financials,Life & Health Insurance,"New York City, New York",2000-12-11,1868,Michel Khalaf,M,"$18,107,426.00",2019-05-01
META,Communication Services,Interactive Media & Services,"Menlo Park, California",2013-12-23,2004,Mark Zuckerberg,M,"$27,110,418.00",2014-05-02
MGM,Consumer Discretionary,Casinos & Gaming,"Paradise, Nevada",2017-07-26,1986,William Hornbuckle,M,"$16,238,075.00",2020-07-29
MHK,Consumer Discretionary,Home Furnishings,"Calhoun, Georgia",2013-12-23,1878,Jeffrey Lorberbaum,M,"$4,259,954.00",1994-03-01
MKC,Consumer Staples,Packaged Foods & Meats,"Hunt Valley, Maryland",2003-03-20,1889,Lawrence Kurzius,M,"$10,426,035.00",2016-02-01
MKTX,Financials,Financial Exchanges & Data,"New York City, New York",2019-07-01,2000,Richard McVey,M,"$5,553,833.00",2023-04-03
MLM,Materials,Construction Materials,"Raleigh, North Carolina",2014-07-02,1993,Howard Nye,M,"$12,784,251.00",2010-01-01
MMC,Financials,Insurance Brokers,"New York City, New York",1987-08-31,1905,Daniel Glaser,M,"$30,924,435.00",2022-09-26
MMM,Industrials,Industrial Conglomerates,"Saint Paul, Minnesota",1957-03-04,1902,Michael Roman,M,"$14,031,387.00",2018-05-04
MNST,Consumer Staples,Soft Drinks & Non-alcoholic Beverages,"Corona, California",2012-06-28,2012,Rodney Sacks,M,"$15,417,084.00",2021-01-14
MO,Consumer Staples,Tobacco,"Richmond, Virginia",1957-03-04,1985,William Gifford,M,"$16,199,700.00",2020-04-16
MOH,Health Care,Managed Health Care,"Long Beach, California",2022-03-02,1980,Joseph Zubretsky,M,"$22,131,256.00",2017-11-06
MOS,Materials,Fertilizers & Agricultural Chemicals,"Tampa, Florida",2011-09-26,2011,James O Rourke,M,"$12,063,106.00",2024-01-01
MPC,Energy,Oil & Gas Refining & Marketing,"Findlay, Ohio",2011-07-01,2011,Michael Hennigan,M,"$21,288,532.00",2024-08-01
MPWR,Information Technology,Semiconductors,"Kirkland, Washington",2021-02-12,1997,Michael Hsing,M,"$20,664,936.00",1997-08-01
MRK,Health Care,Pharmaceuticals,"Kenilworth, New Jersey",1957-03-04,1891,Robert Davis,M,"$18,650,093.00",2021-07-01
MRNA,Health Care,Biotechnology,"Cambridge, Massachusetts",2021-07-21,2010,Stephane Bancel,M,"$19,363,648.00",2024-02-07
MRO,Energy,Oil & Gas Exploration & Production,"Houston, Texas",1957-03-04,1887,Lee Tillman,M,"$11,931,683.00",2013-06-13
MS,Financials,Investment Banking & Brokerage,"New York City, New York",1993-07-29,1935,James Gorman,M,"$39,398,905.00",2010-01-01
MSCI,Financials,Financial Exchanges & Data,"New York City, New York",2018-04-04,1969,Henry Fernandez,M,"$12,998,816.00",1998-06-20
MSFT,Information Technology,Systems Software,"Redmond, Washington",1994-06-01,1975,Satya Nadella,M,"$54,946,310.00",2014-02-04
MSI,Information Technology,Communications Equipment,"Chicago, Illinois",1957-03-04,1957,Gregory Brown,M,"$21,016,481.00",2023-05-16
MTB,Financials,Regional Banks,"Buffalo, New York",2004-02-23,1856,Rene Jones,M,"$8,815,707.00",2017-12-20
MTCH,Communication Services,Interactive Media & Services,"Dallas, Texas",2021-09-20,1986,Bernaard Kim,M,"$23,921,211.00",2022-05-31
MTD,Health Care,Life Sciences Tools & Services,"Columbus, Ohio",2016-09-06,1945,Patrick Kaltenbach,M,"$6,223,115.00",2020-12-15
MU,Information Technology,Semiconductors,"Boise, Idaho",1994-09-27,1978,Sanjay Mehrotra,M,"$28,840,809.00",2017-04-27
NCLH,Consumer Discretionary,"Hotels, Resorts & Cruise Lines","Miami, Florida",2017-10-13,2017,Frank Del Rio,M,"$21,209,333.00",2023-06-30
NDAQ,Financials,Financial Exchanges & Data,"New York City, New York",2008-10-22,1971,Adena Friedman,F,"$28,045,305.00",2017-01-01
NDSN,Industrials,Industrial Machinery & Supplies & Components,"Westlake, Ohio",2022-02-15,1935,Sundaram Nagarajan,M,"$8,432,113.00",2019-08-01
NEE,Utilities,Multi-Utilities,"Juno Beach, Florida",1976-06-30,1976,John Ketchum,M,"$17,414,329.00",2022-03-01
NEM,Materials,Gold,"Denver, Colorado",1969-06-30,1921,Tom Palmer,M,"$13,654,538.00",2019-07-23
NFLX,Communication Services,Movies & Entertainment,"Los Gatos, California",2010-12-20,1997,Reed Hastings,M,"$51,073,237.00",2023-01-20
NI,Utilities,Multi-Utilities,"Merrillville, Indiana",2000-11-02,1912,Lloyd Yates,M,"$7,113,506.00",2015-02-14
NKE,Consumer Discretionary,"Apparel, Accessories & Luxury Goods","Washington County, Oregon",1988-11-30,1964,John Donahoe,M,"$32,789,885.00",2019-10-01
NOC,Industrials,Aerospace & Defense,"West Falls Church, Virginia",1957-03-04,1957,Kathy Warden,F,"$20,672,072.00",2019-01-01
NOW,Information Technology,Systems Software,"Santa Clara, California",2019-11-21,2003,William McDermott,M,"$38,502,528.00",2019-10-22
NRG,Utilities,Independent Power Producers & Energy Traders,"Houston, Texas",2010-01-29,1992,Mauricio Gutierrez,M,"$10,151,847.00",2023-11-20
NSC,Industrials,Rail Transportation,"Atlanta, Georgia",1957-03-04,1957,Alan Shaw,M,"$9,770,910.00",2022-05-01
NTAP,Information Technology,"Technology Hardware, Storage & Peripherals","San Jose, California",1999-06-25,1992,George Kurian,M,"$11,370,423.00",2015-06-01
NTRS,Financials,Asset Management & Custody Banks,"Chicago, Illinois",1998-01-30,1889,Michael O'Grady,M,"$10,816,639.00",2018-01-01
NUE,Materials,Steel,"Charlotte, North Carolina",1985-04-30,1940,Leon Topalian,M,"$23,073,171.00",2020-01-01
NVDA,Information Technology,Semiconductors,"Santa Clara, California",2001-11-30,1993,Jen-Hsun Huang,M,"$21,356,924.00",1999-01-22
NVR,Consumer Discretionary,Homebuilding,"Reston, Virginia",2019-09-26,1980,Eugene Bredow,M,"$19,289,010.00",2022-05-04
NWSA,Communication Services,Publishing,"New York City, New York",2013-08-01,2013,Robert Thomson,M,"$19,662,203.00",2013-01-01
NXPI,Information Technology,Semiconductors,"Eindhoven, Netherlands",2021-03-22,1953,Kurt Sievers,M,"$20,771,851.00",2020-05-27
O,Real Estate,Retail REITs,"San Diego, California",2015-04-07,1969,Sumit Roy,M,"$14,286,815.00",2018-10-16
ODFL,Industrials,Cargo Ground Transportation,"Thomasville, North Carolina",2019-12-09,1934,Greg Gantt,M,"$12,828,375.00",2023-07-01
OKE,Energy,Oil & Gas Storage & Transportation,"Tulsa, Oklahoma",2010-03-15,1906,Pierce Norton,M,"$8,139,024.00",2021-05-25
OMC,Communication Services,Advertising,"New York City, New York",1997-12-31,1986,John Wren,M,"$20,679,168.00",2006-02-24
ON,Information Technology,Semiconductors,"Phoenix, Arizona",2022-06-21,1999,Hassane El-Khoury,M,"$16,519,702.00",2020-12-07
ORCL,Information Technology,Application Software,"Austin, Texas",1989-08-31,1977,Safra Catz,F,"$5,250,680.00",2019-09-01
ORLY,Consumer Discretionary,Automotive Retail,"Springfield, Missouri",2009-03-27,1957,Greg Johnson,M,"$5,477,351.00",2024-01-31
OTIS,Industrials,Industrial Machinery & Supplies & Components,"Farmington, Connecticut",2020-04-03,2020,Judy Marks,F,"$14,477,875.00",2021-12-08
OXY,Energy,Oil & Gas Exploration & Production,"Houston, Texas",1957-03-04,1920,Vicki Hollub,F,"$14,969,510.00",2016-04-01
PANW,Information Technology,Systems Software,"Santa Clara, California",2023-06-20,2005,Nikesh Arora,M,"$151,425,203.00",2018-06-01
PARA,Communication Services,Movies & Entertainment,"New York City, New York",1994-09-30,1994,Robert Bakish,M,"$32,046,006.00",2019-12-04
PAYC,Industrials,Human Resource & Employment Services,"Oklahoma City, Oklahoma",2020-01-28,1998,Chad Richison,M,"$3,138,418.00",2016-08-01
PAYX,Industrials,Human Resource & Employment Services,"Penfield, New York",1998-10-01,1971,John Gibson,M,"$6,680,180.00",2022-10-01
PCAR,Industrials,Construction Machinery & Heavy Transportation Equipment,"Bellevue, Washington",1980-12-31,1905,Preston Feight,M,"$9,961,737.00",2019-07-01
PCG,Utilities,Multi-Utilities,"San Francisco, California",2022-10-03,1905,Patricia Poppe,F,"$14,120,593.00",2021-01-04
PEG,Utilities,Electric Utilities,"Newark, New Jersey",1957-03-04,1903,Ralph LaRossa,M,"$9,510,542.00",2022-09-01
PEP,Consumer Staples,Soft Drinks & Non-alcoholic Beverages,"Purchase, New York",1957-03-04,1898,Ramon Laguarta,M,"$28,388,228.00",2018-08-06
PFE,Health Care,Pharmaceuticals,"New York City, New York",1957-03-04,1849,Albert Bourla,M,"$33,017,453.00",2019-01-01
PFG,Financials,Life & Health Insurance,"Des Moines, Iowa",2002-07-22,1879,Daniel Houston,M,"$13,804,149.00",2015-08-18
PG,Consumer Staples,Personal Care Products,"Cincinnati, Ohio",1957-03-04,1837,Jon Moeller,M,"$21,715,625.00",2021-11-01
PGR,Financials,Property & Casualty Insurance,"Mayfield Village, Ohio",1997-08-04,1937,Susan Patricia Griffith,F,"$12,748,826.00",2016-07-01
PH,Industrials,Industrial Machinery & Supplies & Components,"Cleveland, Ohio",1985-11-30,1917,Jennifer Parmentier,F,"$16,404,346.00",2023-01-01
PHM,Consumer Discretionary,Homebuilding,"Atlanta, Georgia",1984-04-30,1956,Ryan Marshall,M,"$14,484,024.00",2016-09-01
PKG,Materials,Paper & Plastic Packaging Products & Materials,"Lake Forest, Illinois",2017-07-26,1959,Mark Kowlzan,M,"$12,231,634.00",2010-07-01
PLD,Real Estate,Industrial REITs,"San Francisco, California",2003-07-17,1983,Hamid Moghadam,M,"$48,152,756.00",2013-01-01
PM,Consumer Staples,Tobacco,"New York City, New York",2008-03-31,2008,Jacek Olczak,M,"$15,775,108.00",2021-05-05
PNC,Financials,Regional Banks,"Pittsburgh, Pennsylvania",1988-04-30,1845,William Demchak,M,"$19,473,490.00",2024-04-16
PNR,Industrials,Industrial Machinery & Supplies & Components,"Worsley, United Kingdom",2012-10-01,1966,John Stauch,M,"$7,783,265.00",2007-02-01
PNW,Utilities,Multi-Utilities,"Phoenix, Arizona",1999-10-04,1985,Jeffrey Guldner,M,"$8,358,317.00",2019-11-15
PODD,Health Care,Health Care Equipment,"Acton, Massachusetts",2023-03-15,2000,James Hollingshead,M,"$10,817,028.00",2022-06-01
POOL,Consumer Discretionary,Distributors,"Covington, Louisiana",2020-10-07,1993,Peter Arvan,M,"$5,846,697.00",2022-09-16
PPG,Materials,Specialty Chemicals,"Pittsburgh, Pennsylvania",1957-03-04,1883,Tim Knavish,M,"$2,861,192.00",2023-10-01
PPL,Utilities,Electric Utilities,"Allentown, Pennsylvania",2001-10-01,1920,Vincent Sorgi,M,"$9,146,575.00",2020-06-01
PRU,Financials,Life & Health Insurance,"Newark, New Jersey",2002-07-22,1875,Charles Lowrey,M,"$20,093,608.00",2018-12-01
PSA,Real Estate,Self-Storage REITs,"Glendale, California",2005-08-19,1972,Joseph Russell,M,"$9,201,442.00",2019-01-01
PSX,Energy,Oil & Gas Refining & Marketing,"Houston, Texas",2012-05-01,2012,Mark Lashier,M,"$16,288,870.00",2022-04-12
PTC,Information Technology,Application Software,"Boston, Massachusetts",2021-04-20,1985,James Heppelmann,M,"$12,887,115.00",2023-07-26
PWR,Industrials,Construction & Engineering,"Houston, Texas",2009-07-01,1997,Earl Austin,M,"$12,038,960.00",2016-03-14
PYPL,Financials,Transaction & Payment Processing Services,"San Jose, California",2015-07-20,1998,Daniel Schulman,M,"$21,957,922.00",2014-09-30
QCOM,Information Technology,Semiconductors,"San Diego, California",1999-07-22,1985,Christiano Amon,M,"$4,754,113.00",2021-06-30
QRVO,Information Technology,Semiconductors,"Greensboro, North Carolina",2015-06-11,2015,Robert Bruggeworth,M,"$11,693,756.00",2003-01-01
RCL,Consumer Discretionary,"Hotels, Resorts & Cruise Lines","Miami, Florida",2014-12-05,1997,Jason Liberty,M,"$10,764,258.00",2022-01-01
REG,Real Estate,Retail REITs,"Jacksonville, Florida",2017-03-02,1963,Lisa Palmer,F,"$8,649,788.00",2019-08-19
REGN,Health Care,Biotechnology,"Tarrytown, New York",2013-05-01,1988,Leonard Schleifer,M,"$7,004,069.00",1991-04-01
RF,Financials,Regional Banks,"Birmingham, Alabama",1998-08-28,1971,John Turner,M,"$14,552,365.00",2018-07-02
RJF,Financials,Investment Banking & Brokerage,"St. Petersburg, Florida",2017-03-20,1962,Paul Reilly,M,"$19,000,000.00",2010-05-01
RL,Consumer Discretionary,"Apparel, Accessories & Luxury Goods","New York City, New York",2007-02-02,1967,Patrice Louvet,M,"$14,471,356.00",2017-05-17
RMD,Health Care,Health Care Equipment,"San Diego, California",2017-07-26,1989,Michael Farrell,M,"$11,659,210.00",2013-03-01
ROK,Industrials,Electrical Components & Equipment,"Milwaukee, Wisconsin",2000-03-12,1903,Blake Moret,M,"$10,987,703.00",2016-07-01
ROL,Industrials,Environmental & Facilities Services,"Atlanta, Georgia",2018-10-01,1948,Gary Rollins,M,"$7,760,204.00",2023-01-01
ROP,Information Technology,Electronic Equipment & Instruments,"Sarasota, Florida",2009-12-23,1981,Neill Hunn,M,"$21,893,365.00",2018-09-01
ROST,Consumer Discretionary,Apparel Retail,"Dublin, California",2009-12-21,1982,Barbara Rentler,F,"$11,335,069.00",2023-06-20
RSG,Industrials,Environmental & Facilities Services,"Phoenix, Arizona",2008-12-05,2008,Joe Vander Ark,M,"$9,835,321.00",2021-03-30
RTX,Industrials,Aerospace & Defense,"Waltham, Massachusetts",1957-03-04,1922,Gregory Hayes,M,"$22,609,036.00",2023-12-15
RVTY,Health Care,Health Care Equipment,"Waltham, Massachusetts",1985-05-31,1937,Prahlad Singh,M,"$9,130,000.00",2019-01-01
SBAC,Real Estate,Telecom Tower REITs,"Boca Raton, Florida",2017-09-01,1989,Jeffrey Stoops,M,"$13,334,754.00",2023-12-31
SBUX,Consumer Discretionary,Restaurants,"Seattle, Washington",2000-06-07,1971,Howard Schultz,M,"$374,558.00",2022-03-16
SCHW,Financials,Investment Banking & Brokerage,"Westlake, Texas",1997-06-02,1971,Walter Bettinger II,M,"$24,386,329.00",2008-10-01
SHW,Materials,Specialty Chemicals,"Cleveland, Ohio",1964-06-30,1866,John Morikis,M,"$12,749,910.00",2016-01-01
SJM,Consumer Staples,Packaged Foods & Meats,"Orrville, Ohio",2008-11-06,1897,Mark Smucker,M,"$11,348,537.00",2016-05-01
SLB,Energy,Oil & Gas Equipment & Services,"Houston, Texas",1957-03-04,1926,Olivier Le Peuch,M,"$15,713,757.00",2019-07-19
SMCI,Information Technology,"Technology Hardware, Storage & Peripherals","San Jose, California",2024-03-18,1993,Charles Liang,M,"$8,501,846.00",2024-04-29
SNA,Industrials,Industrial Machinery & Supplies & Components,"Kenosha, Wisconsin",1982-09-30,1920,Nicholas Pinchuk,M,"$9,484,660.00",2007-12-15
SNPS,Information Technology,Application Software,"Sunnyvale, California",2017-03-16,1986,Aart de Geus,M,"$10,058,495.00",2024-01-01
SO,Utilities,Electric Utilities,"Atlanta, Georgia",1957-03-04,1945,Thomas Fanning,M,"$24,006,670.00",2023-12-12
SOLV,Health Care,Health Care Technology,"Saint Paul, Minnesota",2024-04-01,2023,Bryan Hanson,M,"$10,300,000.00",2017-12-15
SPG,Real Estate,Retail REITs,"Indianapolis, Indiana",2002-06-26,2003,David Simon,M,"$35,667,783.00",1995-01-01
SPGI,Financials,Financial Exchanges & Data,"New York City, New York",1957-03-04,1917,Douglas Peterson,M,"$28,637,507.00",2013-11-01
SRE,Utilities,Multi-Utilities,"San Diego, California",2017-03-17,1998,Jeffrey Martin,M,"$18,608,094.00",2018-09-10
STE,Health Care,Health Care Equipment,"Dublin, Ireland",2019-12-23,1985,Daniel Carestio,M,"$7,740,184.00",2021-07-29
STLD,Materials,Steel,"Fort Wayne, Indiana",2022-12-22,1993,Mark Millett,M,"$11,234,457.00",2012-01-01
STT,Financials,Asset Management & Custody Banks,"Boston, Massachusetts",2003-03-14,1792,Ronald O'Hanley,M,"$18,004,619.00",2019-01-01
STX,Information Technology,"Technology Hardware, Storage & Peripherals","Dublin, Ireland",2012-07-02,1979,William Mosley,M,"$11,436,208.00",2017-10-01
STZ,Consumer Staples,Distillers & Vintners,"Rochester, New York",2005-07-01,1945,William Newlands,M,"$16,068,340.00",2019-03-01
SW,Materials,Paper & Plastic Packaging Products & Materials,"Dublin, Ireland",1957-03-04,1934,Anthony Smurfit,M,"$7,996,608.15",2023-09-12
SWK,Industrials,Industrial Machinery & Supplies & Components,"New Britain, Connecticut",1982-09-30,1843,James Loree,M,"$13,625,418.00",2016-08-01
SWKS,Information Technology,Semiconductors,"Irvine, California",2015-03-12,2002,Liam Griffin,M,"$16,667,162.00",2016-05-11
SYF,Financials,Consumer Finance,"Stamford, Connecticut",2015-11-18,2003,Brian Doubles,M,"$13,701,941.00",2021-04-01
SYK,Health Care,Health Care Equipment,"Kalamazoo, Michigan",2000-12-12,1941,Kevin Lobo,M,"$18,563,214.00",2012-10-01
SYY,Consumer Staples,Food Distributors,"Houston, Texas",1986-12-31,1969,Kevin Hourican,M,"$13,656,506.00",2024-04-30
T,Communication Services,Integrated Telecommunication Services,"Dallas, Texas",1983-11-30,1983,John Stankey,M,"$22,915,526.00",2020-07-01
TAP,Consumer Staples,Brewers,"Chicago, Illinois",1976-06-30,1976,Gavin Hattersley,M,"$9,071,398.00",2019-09-28
TDG,Industrials,Aerospace & Defense,"Cleveland, Ohio",2016-06-03,1993,Kevin Stein,M,"$18,709,996.00",2018-04-30
TDY,Information Technology,Electronic Equipment & Instruments,"Thousand Oaks, California",2020-06-22,1960,Robert Mehrabian,M,"$8,397,536.00",2024-01-01
TECH,Health Care,Life Sciences Tools & Services,"Minneapolis, Minnesota",2021-08-30,1976,Charles Kummeth,M,"$30,584,644.00",2024-05-30
TEL,Information Technology,Electronic Manufacturing Services,"Schaffhausen, Switzerland",2011-10-17,2007,Terrence Curtin,M,"$15,927,866.00",2017-03-09
TER,Information Technology,Semiconductor Materials & Equipment,"North Reading, Massachusetts",2020-09-21,1960,Mark Jagiela,M,"$10,601,249.00",2023-02-01
TFC,Financials,Regional Banks,"Charlotte, North Carolina",1997-12-04,1872,William Rogers,M,"$13,237,842.00",2024-05-30
TFX,Health Care,Health Care Equipment,"Wayne, Pennsylvania",2019-01-18,1943,Liam Kelly,M,"$8,190,461.00",2020-05-01
TGT,Consumer Staples,Consumer Staples Merchandise Retail,"Minneapolis, Minnesota",1976-12-31,1902,Brian Cornell,M,"$17,664,896.00",2014-07-30
TJX,Consumer Discretionary,Apparel Retail,"Framingham, Massachusetts",1985-09-30,1987,Ernie Herrman,M,"$20,525,368.00",2016-01-31
TMO,Health Care,Life Sciences Tools & Services,"Waltham, Massachusetts",2004-08-03,2004,Marc Casper,M,"$28,208,909.00",2009-10-15
TMUS,Communication Services,Wireless Telecommunication Services,"Bellevue, Washington",2019-07-15,1994,Michael Sievert,M,"$29,060,048.00",2020-05-01
TPR,Consumer Discretionary,"Apparel, Accessories & Luxury Goods","New York City, New York",2004-09-01,2017,Joanne Crevoiserat,F,"$13,739,426.00",2020-07-01
TRGP,Energy,Oil & Gas Storage & Transportation,"Houston, Texas",2022-10-12,2005,Matthew Meloy,M,"$15,202,542.00",2020-03-01
TRMB,Information Technology,Electronic Equipment & Instruments,"Westminster, Colorado",2021-01-21,1978,Robert Painter,M,"$16,134,366.00",2019-10-30
TROW,Financials,Asset Management & Custody Banks,"Baltimore, Maryland",2019-07-29,1937,Robert Sharps,M,"$13,838,613.00",2022-01-01
TRV,Financials,Property & Casualty Insurance,"New York City, New York",2002-08-21,1853,Alan Schnitzer,M,"$21,072,397.00",2015-08-04
TSCO,Consumer Discretionary,Other Specialty Retail,"Brentwood, Tennessee",2014-01-24,1938,Harry Lawton,M,"$10,483,321.00",2020-01-13
TSLA,Consumer Discretionary,Automobile Manufacturers,"Austin, Texas",2020-12-21,2003,Elon Musk,M,$0.00,2008-10-01
TSN,Consumer Staples,Packaged Foods & Meats,"Springdale, Arkansas",2005-08-10,1935,Donnie King,M,"$12,014,497.00",2021-06-02
TT,Industrials,Building Products,"Dublin, Ireland",2010-11-17,1871,Dave Regnery,M,"$12,770,195.00",2021-07-01
TTWO,Communication Services,Interactive Home Entertainment,"New York City, New York",2018-03-19,1993,Strauss Zelnick,M,"$115,015.00",2011-01-01
TXN,Information Technology,Semiconductors,"Dallas, Texas",2001-03-12,1930,Richard Templeton,M,"$21,629,586.00",2004-05-01
TXT,Industrials,Aerospace & Defense,"Providence, Rhode Island",1978-12-31,1923,Scott Donnelly,M,"$15,367,279.00",2010-09-01
TYL,Information Technology,Application Software,"Plano, Texas",2020-06-22,1966,Lynn Moore,M,"$6,197,162.00",2018-05-10
UAL,Industrials,Passenger Airlines,"Chicago, Illinois",2015-09-03,1967,Scott Kirby,M,"$9,796,602.00",2019-12-01
UBER,Industrials,Passenger Ground Transportation,"San Francisco, California",2023-12-18,2009,Dara Khosrowshahi,M,"$24,276,977.00",2017-08-01
UDR,Real Estate,Multi-Family Residential REITs,"Highlands Ranch, Colorado",2016-03-07,1972,Thomas Toomey,M,"$8,149,435.00",2001-02-01
UHS,Health Care,Health Care Facilities,"King of Prussia, Pennsylvania",2014-09-20,1979,Marc Miller,M,"$10,919,976.00",2021-01-01
ULTA,Consumer Discretionary,Other Specialty Retail,"Bolingbrook, Illinois",2016-04-18,1990,David Kimbell,M,"$13,512,384.00",2019-04-15
UNH,Health Care,Managed Health Care,"Minnetonka, Minnesota",1994-07-01,1977,Andrew Witty,M,"$20,865,106.00",2019-05-08
UNP,Industrials,Rail Transportation,"Omaha, Nebraska",1957-03-04,1862,Lance Fritz,M,"$14,326,072.00",2023-07-26
UPS,Industrials,Air Freight & Logistics,"Sandy Springs, Georgia",2002-07-22,1907,Carol Tom,F,"$18,965,201.00",2020-03-12
URI,Industrials,Trading Companies & Distributors,"Stamford, Connecticut",2014-09-20,1997,Matthew Flannery,M,"$12,414,168.00",2019-05-01
USB,Financials,Diversified Banks,"Minneapolis, Minnesota",1999-11-01,1968,Andrew Cecere,M,"$16,157,514.00",2016-01-19
V,Financials,Transaction & Payment Processing Services,"San Francisco, California",2009-12-21,1958,Alfred Kelly,M,"$28,103,602.00",2016-12-01
VICI,Real Estate,Hotel & Resort REITs,"New York City, New York",2022-06-08,2017,Edward Pitoniak,M,"$11,513,494.00",2023-12-21
VLO,Energy,Oil & Gas Refining & Marketing,"San Antonio, Texas",2002-12-20,1980,Joseph Gorder,M,"$20,145,093.00",2014-05-01
VLTO,Industrials,Environmental & Facilities Services,"Waltham, Massachusetts",2023-10-02,2023,Jennifer Honeycutt,F,"$9,392,843.00",2008-06-30
VMC,Materials,Construction Materials,"Birmingham, Alabama",1999-06-30,1909,J. Thomas Hill,M,"$10,081,539.00",2014-07-01
VRSK,Industrials,Research & Consulting Services,"Jersey City, New Jersey",2015-10-08,1971,Lee Shavel,M,"$9,497,341.00",2020-04-01
VRSN,Information Technology,Internet Services & Infrastructure,"Dulles, Virginia",2006-02-01,1995,James Bidzos,M,"$11,279,095.00",2022-05-25
VRTX,Health Care,Biotechnology,"Boston, Massachusetts",2013-09-23,1989,Reshma Kewalramani,F,"$15,864,497.00",2020-04-01
VST,Utilities,Electric Utilities,"Irving, Texas",2024-05-08,2016,James Burke,M,"$8,559,824.00",2022-03-21
VTR,Real Estate,Health Care REITs,"Chicago, Illinois",2009-03-04,1998,Debra Cafaro,F,"$14,059,092.00",1999-06-01
VTRS,Health Care,Pharmaceuticals,"Pittsburgh, Pennsylvania",2004-04-23,1961,Michael Goettler,M,"$14,771,270.00",2023-02-27
VZ,Communication Services,Integrated Telecommunication Services,"New York City, New York",1983-11-30,1983,Hans Vestberg,M,"$19,832,750.00",2018-06-08
WAB,Industrials,Construction Machinery & Heavy Transportation Equipment,"Pittsburgh, Pennsylvania",2019-02-27,2019,Rafael Santana,M,"$11,685,472.00",2019-04-25
WAT,Health Care,Life Sciences Tools & Services,"Milford, Massachusetts",2002-01-02,1958,Udit Batra,M,"$9,409,550.00",2020-07-15
WBA,Consumer Staples,Drug Retail,"Deerfield, Illinois",1979-12-31,2014,Rosalind Brewer,F,"$17,287,489.00",2021-03-15
WBD,Communication Services,Broadcasting,"New York City, New York",2022-04-11,2022,David Zaslav,M,"$39,288,458.00",2006-11-16
WDC,Information Technology,"Technology Hardware, Storage & Peripherals","San Jose, California",2009-07-01,1970,David Goeckeler,M,"$11,031,692.00",2020-03-09
WEC,Utilities,Electric Utilities,"Milwaukee, Wisconsin",2008-10-31,1896,Scott Lauber,M,"$8,149,461.00",2022-02-01
WELL,Real Estate,Health Care REITs,"Toledo, Ohio",2009-01-30,1970,Shankh Mitra,M,"$17,199,891.00",2020-10-05
WFC,Financials,Diversified Banks,"San Francisco, California",1976-06-30,1852,Charles Scharf,M,"$29,000,000.00",2019-09-27
WM,Industrials,Environmental & Facilities Services,"Houston, Texas",1998-08-31,1968,James Fish,M,"$14,820,684.00",2016-11-10
WMB,Energy,Oil & Gas Storage & Transportation,"Tulsa, Oklahoma",1975-03-31,1908,Alan S. Armstrong,M,"$14,094,983.00",2011-01-01
WMT,Consumer Staples,Consumer Staples Merchandise Retail,"Bentonville, Arkansas",1982-08-31,1962,Douglas McMillon,M,"$25,306,714.00",2013-11-25
WRB,Financials,Property & Casualty Insurance,"Greenwich, Connecticut",2019-12-05,1967,Robert Berkley,M,"$16,706,862.00",1973-11-01
WST,Health Care,Health Care Supplies,"Exton, Pennsylvania",2020-05-22,1923,Eric M. Green,M,"$7,916,599.00",2015-04-01
WTW,Financials,Insurance Brokers,"London, United Kingdom",2016-01-05,2016,Carl Hess,M,"$10,728,900.00",2021-08-01
WY,Real Estate,Timber REITs,"Seattle, Washington",1979-10-01,1900,Devin Stockfish,M,"$12,969,306.00",2019-01-01
WYNN,Consumer Discretionary,Casinos & Gaming,"Paradise, Nevada",2008-11-14,2002,Craig Billings,M,"$16,153,000.00",2022-02-01
XEL,Utilities,Multi-Utilities,"Minneapolis, Minnesota",1957-03-04,1909,Robert C. Frenzel,M,"$21,181,951.00",2021-08-19
XOM,Energy,Integrated Oil & Gas,"Irving, Texas",1957-03-04,1999,Darren Woods,M,"$35,909,231.00",2017-01-01
XYL,Industrials,Industrial Machinery & Supplies & Components,"White Plains, New York",2011-11-01,2011,Matthew Pine,M,"$4,210,000.00",2024-01-01
YUM,Consumer Discretionary,Restaurants,"Louisville, Kentucky",1997-10-06,1997,David Gibbs,M,"$16,671,654.00",2019-08-12
ZBH,Health Care,Health Care Equipment,"Warsaw, Indiana",2001-08-07,1927,Ivan Tornos,M,"$10,191,476.00",2023-08-22
ZBRA,Information Technology,Electronic Equipment & Instruments,"Lincolnshire, Illinois",2019-12-23,1969,William Burns,M,"$11,259,896.00",2023-03-01
ZTS,Health Care,Pharmaceuticals,"Parsippany, New Jersey",2013-06-21,1952,Kristin C. Peck,F,"$15,237,853.00",2020-01-01